<catalog>
<cd>
<title>Empire Burlesque</title>
<artist>Bob Dylan</artist>
<hobby>Partying</hobby>
<star>Capricon</star>
</cd>
<cd>
<title>Greatest Hits</title>
<artist>Dolly parton</artist>
<hobby>Swimming</hobby>
<star>Jupiter</star>
</cd>
<cd>
<title>Still got the blues</title>
<artist>Gary Moore</artist>
<hobby>footie</hobby>
<star>Sagitarius</star>
</cd>
<cd>
<title>Eros</title>
<artist>Eros Ramazzotti</artist>
<hobby>footie</hobby>
</cd>
<cd>
<title>One night only</title>
<artist>Bee Gees</artist>
<hobby>Swimming</hobby>
<star>Cancer</star>
</cd>
<cd>
<title>Sylvias Mother</title>
<artist>Dr. Hook</artist>
<hobby>Swimming</hobby>
<star>Sagitarius</star>
</cd>
<cd>
<title>Maggie May</title>
<artist>Rod Stewar</artist>
<hobby>footie</hobby>
<star>Sagitarius</star>
</cd>
<cd>
<title>Romanza</title>
<artist>Andrea Bocelli</artist>
<hobby>walking</hobby>
<star>Capricon</star>
</cd>
</catalog>